Workbook

Sheet 使用说明
B2: 大一 Web 渗透测试 · 学习进度追踪表
B3: 配套文档：01-学习路线图.md（详细讲解） · 03-靶场搭建指南.md（环境搭建）
B5: 怎么用这张表
B6: 1. 只维护「周计划」这一个工作表：每周日晚上把当周状态改成 已完成 / 进行中 / 延期，填上实际耗时。
B7: 2. 「进度统计」会自动算出完成率和时间偏差，不需要手工算。
B8: 3. 「漏洞卡片」是知识库骨架：每学完一个漏洞，把掌握程度从 未学 推进到 能讲清。
B9: 4. 「资源库」按优先级排序，P0 是必须用的，P2 是后期再说。
B11: 三条纪律
B12: ① 考试周（W13-14 / W33-34）学习强度已主动降到 3h/周，不要加码——绩点补不回来。
B13: ② 每周必须有产出。没有产出的一周，状态请如实标「延期」，不要自欺。
B14: ③ 里程碑（总览页）没过，不要往下推。宁可 42 周走成 50 周。
B16: 时间基准
... B22: 绿色 = 已完成 黄色 = 进行中 红色 = 延期 无填充 = 未开始

Sheet 总览
A1: 阶段 | B1: 周次 | C1: 时间范围 | D1: 主题 | E1: 里程碑 / 验收标准
A2: 阶段 0 | B2: W1–W2 | C2: 2026-10-19 ~ 11-01 | D2: 环境与习惯 | E2: 环境就绪；GitHub 有第一个仓库
A3: 阶段 1 | B3: W3–W8 | C3: 2026-11-02 ~ 12-13 | D3: Linux + 计算机网络 | E3: 能用命令行 + curl 独立分析一次 HTTP 请求
A4: 阶段 2a | B4: W9–W12 | C4: 2026-12-14 ~ 2027-01-10 | D4: Web 前端 + 数据库 | E4: 手写登录页 + 独立写出 20 条 SQL
A5: 期末 | B5: W13–W14 | C5: 2027-01-11 ~ 01-24 | D5: 期末复习与考试（降强度） | E5: GPA 达标（硬指标）
A6: 阶段 2b | B6: W15–W17 | C6: 2027-01-25 ~ 02-14 | D6: 寒假：Flask 后端 + OWASP 预习 | E6: 跑通完整小站；能说出十类漏洞
A7: 缓冲 | B7: W18 | C7: 2027-02-15 ~ 02-21 | D7: 开学缓冲：知识库整理 | E7: 任意旧笔记 30 秒内可检索
A8: 阶段 3 | B8: W19–W26 | C8: 2027-02-22 ~ 04-18 | D8: Web 漏洞原理 + DVWA | E8: DVWA 全难度通关；会写渗透测试报告
A9: 阶段 4 | B9: W27–W32 | C9: 2027-04-19 ~ 05-30 | D9: 工具链 + 工程化 + CTF 入门 | E9: Burp 熟练；2 个自研工具；作品集仓库
A10: 期末 | B10: W33–W34 | C10: 2027-05-31 ~ 06-13 | D10: 期末复习与考试（降强度） | E10: GPA 达标（硬指标）
A11: 阶段 5 | B11: W35–W42 | C11: 2027-06-14 ~ 08-08 | D11: 暑假综合实战 | E11: 完整实战经历 + 一份可展示的报告

Sheet 周计划
A1: 周次 | B1: 阶段 | C1: 起始日 | D1: 结束日 | E1: 主题 | F1: 核心任务 | G1: 产出物 | H1: 验收标准 | I1: 计划h | J1: 状态 | K1: 实际h | L1: 备注
A2: W1 | B2: 0 环境 | C2: 46314 | D2: 46320 | E2: 环境搭建与命令行初体验 | F2: 装 Git/Docker Desktop/WSL Ubuntu + VS Code 插件；注册 GitHub；熟悉 pwd/ls/cd/cat/grep | G2: env-checklist.md + 第一个 GitHub 仓库 | H2: docker/git 版本号有输出；WSL 里能不用鼠标找到任意文件 | I2: 8 | J2: 已完成
A3: W2 | B3: 0 环境 | C3: 46321 | D3: 46327 | E3: Bandit 1–15 + Git 基础 | F3: OverTheWire Bandit 前 15 关；git init/add/commit/log/branch/push；Markdown 语法 | G3: Bandit 1–15 writeup（命令+原因）+ 笔记仓库首次提交 | H3: 能独立用命令行读文件/看权限/解 base64 | I3: 8 | J3: 未开始
A4: W3 | B4: 1 基础 | C4: 46328 | D4: 46334 | E4: Linux 文件系统与权限 | F4: /etc /var/log /proc 的作用；用户与组；chmod 数字权限；软硬链接；环境变量 | G4: 一页「Linux 权限速查表」 | H4: 能解释 rwx 对目录和文件的语义区别；读懂 ls -l 每一列 | I4: 8 | J4: 未开始
A5: W4 | B5: 1 基础 | C5: 46335 | D5: 46341 | E5: 进程、服务与软件包 | F5: ps/top/kill；systemctl 启停服务；apt 装包；管道与重定向；vim 基础 | G5: WSL 里装 nginx 并能访问默认页 | H5: 能查日志、能定位端口被谁占用 | I5: 8 | J5: 未开始
A6: W5 | B6: 1 基础 | C6: 46342 | D6: 46348 | E6: 计算机网络（一）分层与 IP | F6: OSI/TCP-IP 分层；IP/子网掩码/网关；端口；DNS 递归与迭代解析 | G6: 手绘「输入 URL 到页面渲染」完整流程图 | H6: 能口述 DNS→TCP→TLS→HTTP 的先后顺序 | I6: 9 | J6: 未开始
A7: W6 | B7: 1 基础 | C7: 46349 | D7: 46355 | E7: 计算机网络（二）TCP 与 HTTP | F7: 三次握手/四次挥手；HTTP 报文结构；状态码；Host/Referer/Origin/Cookie；Cookie vs Session | G7: curl 手工构造 20 个不同请求的记录 | H7: 能解释 302/401/403/404/500 在渗透场景中的含义 | I7: 9 | J7: 未开始
A8: W7 | B8: 1 基础 | C8: 46356 | D8: 46362 | E8: HTTPS 与浏览器机制 | F8: TLS 握手；对称/非对称加密分工；同源策略；CORS 预检；缓存字段；DevTools Network/Application | G8: 3 个网站的请求链路分析笔记（只观察，不发攻击流量） | H8: 能解释 HttpOnly/Secure/SameSite 的作用 | I8: 9 | J8: 未开始
A9: W8 | B9: 1 基础 | C9: 46363 | D9: 46369 | E9: Python 编程基础 | F9: 变量/流程/函数/列表字典；文件读写；异常处理；requests 库入门 | G9: 5 个小脚本（文本处理/端口探测雏形/批量发请求） | H9: 脚本报错能自己看 traceback 定位，不崩 | I9: 9 | J9: 未开始
A10: W9 | B10: 2a 前端 | C10: 46370 | D10: 46376 | E10: HTML / CSS | F10: 语义标签；表单（所有 input 类型、action/method、隐藏字段）；CSS 选择器；盒模型 | G10: 手写登录页 + 注册页 | H10: 能看懂任意网站的 DOM 结构与表单提交目标 | I10: 8 | J10: 未开始
A11: W10 | B11: 2a 前端 | C11: 46377 | D11: 46383 | E11: JavaScript 基础 | F11: 变量/函数/对象/数组；DOM 查询与修改；事件；fetch/Promise；localStorage | G11: 用 fetch 调公开 API 的搜索框页面 | H11: Console 里能读取/修改页面元素与 Cookie | I11: 9 | J11: 未开始
A12: W11 | B12: 2a 前端 | C12: 46384 | D12: 46390 | E12: JS 进阶与同源细节 | F12: 事件循环；XHR vs fetch；三种浏览器存储；CSP 概念；document.cookie 的读写限制 | G12: 笔记《JS 在浏览器里能做什么、不能做什么》 | H12: 能解释为什么 A 站读不到 B 站的 Cookie | I12: 8 | J12: 未开始
A13: W12 | B13: 2a 前端 | C13: 46391 | D13: 46397 | E13: 数据库与 SQL | F13: 关系模型；增删改查；WHERE/ORDER BY/LIMIT；JOIN；索引概念；SQLite 动手 | G13: 学生-课程-成绩三表 + 20 条查询语句 | H13: 不给答案能写出多表 JOIN | I13: 9 | J13: 未开始
... A43: W42 | B43: 5 实战 | C43: 46601 | D43: 46607 | E43: 复盘与大二规划 | F43: 总结 42 周；定大二目标（实习/实验室/竞赛队） | G43: 复盘文档 + 大二计划 | H43: 目标可量化 | I43: 8 | J43: 未开始

Sheet 资源库
A1: 优先级 | B1: 类别 | C1: 名称 | D1: 链接 | E1: 用途 / 说明 | F1: 状态
A2: P0 | B2: 在线靶场 | C2: PortSwigger Web Security Academy | D2: https://portswigger.net/web-security | E2: 理论+实验一体，官方出品，W19 起主力 | F2: 未开始
A3: P0 | B3: 在线靶场 | C3: OverTheWire Bandit | D3: https://overthewire.org/wargames/bandit/ | E3: Linux 命令行入门，W1-W2 打通前 15 关 | F3: 未开始
A4: P0 | B4: 本地靶场 | C4: DVWA | D4: http://127.0.0.1:8081 | E4: 四档难度，W19-W26 主力靶场 | F4: 未开始
A5: P0 | B5: 本地靶场 | C5: OWASP Juice Shop | D5: http://127.0.0.1:3000 | E5: 现代 SPA 靶场，60+ 挑战 | F5: 未开始
A6: P0 | B6: 文档 | C6: OWASP Top 10 (2021) | D6: https://owasp.org/Top10/ | E6: 必读，当词典查 | F6: 未开始
A7: P0 | B7: 文档 | C7: MDN Web Docs | D7: https://developer.mozilla.org/zh-CN/ | E7: HTML/JS/HTTP 权威参考 | F7: 未开始
A8: P0 | B8: 课程 | C8: 计算机网络（中国大学MOOC） | D8: https://www.icourse163.org | E8: 与 W5-W7 同步，正课优先 | F8: 未开始
A9: P0 | B9: 书 | C9: 《白帽子讲Web安全》吴翰清 | E9: 建立安全思维，W17 开始读 | F9: 未开始
A10: P1 | B10: 文档 | C10: OWASP WSTG 测试指南 | D10: https://owasp.org/www-project-web-security-testing-guide/ | E10: 渗透测试流程标准参考 | F10: 未开始
A11: P1 | B11: 文档 | C11: PortSwigger HTTP 基础 | D11: https://portswigger.net/web-security/http-fundamentals | E11: HTTP 讲得比多数教材清楚 | F11: 未开始
A12: P1 | B12: 本地靶场 | C12: bWAPP | D12: http://127.0.0.1:8082 | E12: 100+ 漏洞，覆盖面最广 | F12: 未开始
A13: P1 | B13: 本地靶场 | C13: WebGoat | D13: http://127.0.0.1:8083 | E13: 教程式 Java 靶场，每关带讲解 | F13: 未开始
A14: P1 | B14: 工具 | C14: Burp Suite Community | D14: https://portswigger.net/burp/communitydownload | E14: 抓包改包主力工具 | F14: 未开始
A15: P1 | B15: 工具 | C15: Docker Desktop | D15: https://www.docker.com/products/docker-desktop/ | E15: 本地靶场运行环境 | F15: 未开始
A16: P1 | B16: 工具 | C16: Git | D16: https://git-scm.com/ | E16: 代码管理与作品集 | F16: 未开始
A17: P1 | B17: 书 | C17: 《Web安全深度剖析》张炳帅 | E17: 实战向，部分技术偏老但概念有效 | F17: 未开始
A18: P1 | B18: 在线靶场 | C18: TryHackMe | D18: https://tryhackme.com | E18: 引导式，零基础友好，W35 起 | F18: 未开始
A19: P1 | B19: CTF | C19: PicoCTF | D19: https://picoctf.org | E19: 入门 CTF，W31 起刷题 | F19: 未开始
A20: P1 | B20: CTF | C20: CTFHub | D20: https://www.ctfhub.com | E20: 国内技能树，中文打基础 | F20: 未开始
A21: P2 | B21: 在线靶场 | C21: Hack The Box | D21: https://www.hackthebox.com | E21: 真实感强，W37 用 Starting Point | F21: 未开始
A22: P2 | B22: CTF | C22: CTFtime | D22: https://ctftime.org | E22: 赛事日历，关注校内战队招新 | F22: 未开始
A23: P2 | B23: CTF | C23: BUUCTF | D23: https://buuoj.cn | E23: 国内题海，后期刷题 | F23: 未开始
A24: P2 | B24: CTF | C24: 攻防世界 XCTF | D24: https://adworld.xctf.org.cn | E24: 国内赛事平台 | F24: 未开始
A25: P2 | B25: 漏洞复现 | C25: Vulhub | D25: https://github.com/vulhub/vulhub | E25: CVE 复现环境集合，W38 用 | F25: 未开始
A26: P2 | B26: 工具 | C26: OWASP ZAP | D26: https://www.zaproxy.org/ | E26: Burp 的免费替代 | F26: 未开始
A27: P2 | B27: 工具 | C27: sqlmap | D27: https://github.com/sqlmapproject/sqlmap | E27: 只用来验证自己的手工 payload | F27: 未开始
A28: P2 | B28: 工具 | C28: ffuf | D28: https://github.com/ffuf/ffuf | E28: 目录/参数爆破，仅本地靶场 | F28: 未开始
A29: P2 | B29: 工具 | C29: nmap | D29: https://nmap.org/ | E29: 端口与服务识别，仅自有资产 | F29: 未开始
... A34: P2 | B34: 资讯 | C34: The Hacker News | D34: https://thehackernews.com/ | E34: 英文资讯，练阅读 | F34: 未开始

Sheet 漏洞卡片
A1: # | B1: 漏洞 | C1: 英文 | D1: 一句话原理 | E1: 常见触发点 | F1: 利用关键 | G1: 防御要点 | H1: 练习靶场 | I1: 掌握程度
A2: 1 | B2: SQL 注入 | C2: SQL Injection | D2: 用户输入被拼进 SQL 语句并当作代码执行 | E2: 登录框、搜索、排序字段、URL 参数 | F2: 闭合原语句 + 注释掉剩余部分 | G2: 参数化查询/预编译；最小权限；输入校验 | H2: DVWA SQL Injection | I2: 未学
A3: 2 | B3: 反射型 XSS | C3: Reflected XSS | D3: 输入原样回显在响应里，被浏览器当脚本执行 | E3: 搜索结果页、错误提示、跳转参数 | F3: 判断输出上下文，构造对应闭合 | G3: 输出编码；CSP；HttpOnly | H3: DVWA XSS Reflected | I3: 未学
A4: 3 | B4: 存储型 XSS | C4: Stored XSS | D4: 恶意内容存进数据库，其他用户访问时执行 | E4: 留言板、昵称、评论、工单 | F4: 持久化后触发，影响所有访问者 | G4: 输入过滤 + 输出编码；富文本白名单 | H4: DVWA XSS Stored | I4: 未学
A5: 4 | B5: DOM 型 XSS | C5: DOM-based XSS | D5: 前端 JS 直接把不可信数据写入危险 sink | E5: location.hash、innerHTML、eval | F5: 不需要服务端回显，纯前端触发 | G5: 避免危险 sink；使用 textContent | H5: PortSwigger DOM XSS labs | I5: 未学
A6: 5 | B6: CSRF | C6: Cross-Site Request Forgery | D6: 诱导已登录用户在其身份下发起非预期请求 | E6: 改密码、转账、绑定邮箱 | F6: 构造自动提交表单；利用 Cookie 自动携带 | G6: CSRF Token；SameSite；校验 Origin | H6: DVWA CSRF | I6: 未学
A7: 6 | B7: SSRF | C7: Server-Side Request Forgery | D7: 服务端被诱导去请求攻击者指定的地址 | E7: 图片加载、URL 预览、Webhook、代理 | F7: 打内网服务、读云元数据、协议走私 | G7: URL 白名单；禁内网段；禁跳转跟随 | H7: PortSwigger SSRF labs | I7: 未学
A8: 7 | B8: XXE | C8: XML External Entity | D8: XML 解析器加载外部实体导致文件读取/SSRF | E8: 文件上传解析、SOAP 接口、SVG | F8: 构造 DOCTYPE 引用外部实体 | G8: 禁用外部实体；用 JSON 替代 XML | H8: PortSwigger XXE labs | I8: 未学
A9: 8 | B9: 命令注入 | C9: OS Command Injection | D9: 用户输入拼接进系统命令被执行 | E9: ping 检测、图片处理、备份功能 | F9: 分隔符 ; | && ；无回显时外带 | G9: 避免调用 shell；参数白名单；最小权限 | H9: DVWA Command Injection | I9: 未学
A10: 9 | B10: 文件上传 | C10: Unrestricted File Upload | D10: 上传校验不足导致可执行文件落地 | E10: 头像、附件、导入功能 | F10: 前端校验/Content-Type/后缀/文件头逐层绕过 | G10: 白名单后缀；重命名；存非 Web 目录；禁用执行 | H10: DVWA File Upload | I10: 未学
A11: 10 | B11: 文件包含 | C11: Local/Remote File Inclusion | D11: include 类函数包含用户可控路径 | E11: 模板加载、语言包、页面路由 | F11: 路径穿越读文件；结合日志/伪协议 getshell | G11: 固定包含列表；禁用远程包含；open_basedir | H11: DVWA File Inclusion | I11: 未学
A12: 11 | B12: 目录穿越 | C12: Path Traversal | D12: ../ 跳出限定目录读取任意文件 | E12: 下载接口、图片读取、日志查看 | F12: 编码绕过（%2e%2e/、..%2f、双重编码） | G12: 路径规范化后校验；白名单；chroot | H12: PortSwigger File Path Traversal | I12: 未学
A13: 12 | B13: 越权 / IDOR | C13: Broken Access Control / IDOR | D13: 服务端不校验资源归属，改 ID 即可访问他人数据 | E13: 订单详情、用户资料、API 接口 | F13: 遍历 ID；改 role 字段；抓包替换 token | G13: 服务端逐次鉴权；资源归属校验；UUID | H13: PortSwigger Access Control | I13: 未学
... A20: 19 | B20: CORS 配置错误 | C20: CORS Misconfiguration | D20: ACAO 反射任意 Origin + 允许携带凭证 | E20: 跨域 API 接口 | F20: 构造恶意页面读取受害者数据 | G20: 固定可信 Origin 白名单；不反射 | H20: PortSwigger CORS labs | I20: 未学

Sheet 进度统计
B2: 总体进度
E3: 各阶段完成情况
B4: 指标 | C4: 数值 | E4: 阶段 | F4: 总周数 | G4: 已完成 | H4: 完成率
B5: 总周数 | C5: =COUNTA(周计划!A2:A43) -> 42 | E5: 0 环境 | F5: =COUNTIF(周计划!$B$2:$B$43,"0 环境") -> 2 | G5: =COUNTIFS(周计划!$B$2:$B$43,"0 环境",周计划!$J$2:$J$43,"已完成") -> 1 | H5: =IF(F5=0,0,G5/F5) -> 0.5
B6: 已完成 | C6: =COUNTIF(周计划!J2:J43,"已完成") -> 1 | E6: 1 基础 | F6: =COUNTIF(周计划!$B$2:$B$43,"1 基础") -> 6 | G6: =COUNTIFS(周计划!$B$2:$B$43,"1 基础",周计划!$J$2:$J$43,"已完成") -> 0 | H6: =IF(F6=0,0,G6/F6) -> 0
B7: 进行中 | C7: =COUNTIF(周计划!J2:J43,"进行中") -> 0 | E7: 2a 前端 | F7: =COUNTIF(周计划!$B$2:$B$43,"2a 前端") -> 4 | G7: =COUNTIFS(周计划!$B$2:$B$43,"2a 前端",周计划!$J$2:$J$43,"已完成") -> 0 | H7: =IF(F7=0,0,G7/F7) -> 0
B8: 延期 | C8: =COUNTIF(周计划!J2:J43,"延期") -> 0 | E8: 2b 寒假 | F8: =COUNTIF(周计划!$B$2:$B$43,"2b 寒假") -> 3 | G8: =COUNTIFS(周计划!$B$2:$B$43,"2b 寒假",周计划!$J$2:$J$43,"已完成") -> 0 | H8: =IF(F8=0,0,G8/F8) -> 0
B9: 未开始 | C9: =COUNTIF(周计划!J2:J43,"未开始") -> 41 | E9: 3 漏洞 | F9: =COUNTIF(周计划!$B$2:$B$43,"3 漏洞") -> 8 | G9: =COUNTIFS(周计划!$B$2:$B$43,"3 漏洞",周计划!$J$2:$J$43,"已完成") -> 0 | H9: =IF(F9=0,0,G9/F9) -> 0
B10: 完成率 | C10: =IF(C5=0,0,C6/C5) -> 0.023809524 | E10: 4 工程化 | F10: =COUNTIF(周计划!$B$2:$B$43,"4 工程化") -> 6 | G10: =COUNTIFS(周计划!$B$2:$B$43,"4 工程化",周计划!$J$2:$J$43,"已完成") -> 0 | H10: =IF(F10=0,0,G10/F10) -> 0
B11: 计划总时长(h) | C11: =SUM(周计划!I2:I43) -> 388 | E11: 5 实战 | F11: =COUNTIF(周计划!$B$2:$B$43,"5 实战") -> 8 | G11: =COUNTIFS(周计划!$B$2:$B$43,"5 实战",周计划!$J$2:$J$43,"已完成") -> 0 | H11: =IF(F11=0,0,G11/F11) -> 0
B12: 已完成计划时长(h) | C12: =SUMIF(周计划!J2:J43,"已完成",周计划!I2:I43) -> 8 | E12: 期末 | F12: =COUNTIF(周计划!$B$2:$B$43,"期末") -> 4 | G12: =COUNTIFS(周计划!$B$2:$B$43,"期末",周计划!$J$2:$J$43,"已完成") -> 0 | H12: =IF(F12=0,0,G12/F12) -> 0
B13: 实际总时长(h) | C13: =SUM(周计划!K2:K43) -> 0 | E13: 缓冲 | F13: =COUNTIF(周计划!$B$2:$B$43,"缓冲") -> 1 | G13: =COUNTIFS(周计划!$B$2:$B$43,"缓冲",周计划!$J$2:$J$43,"已完成") -> 0 | H13: =IF(F13=0,0,G13/F13) -> 0
B14: 时间偏差(h) | C14: =IF(C12=0,0,C13-C12) -> -8 | E14: 合计 | F14: =SUM(F5:F13) -> 42 | G14: =SUM(G5:G13) -> 1 | H14: =IF(F14=0,0,G14/F14) -> 0.023809524
B16: 提示：只改「周计划」里的状态和实际耗时，这里全部自动计算。
